{"mean_scale_mm2_per_pixel": 0.12393100858406018, "std_scale_mm2_per_pixel": 0.0047984292404776845}