{"mean_scale_mm2_per_pixel": 0.10544585326247755, "std_scale_mm2_per_pixel": 0.004359082526658719}