{"mean_scale_mm2_per_pixel": 0.00647495415232266, "std_scale_mm2_per_pixel": 0.0003163025998712884}