{"mean_scale_mm_per_pixel": 0.03347238934975196, "std_scale_mm_per_pixel": 0.0005372148167284175}