{"mean_scale_mm2_per_pixel": 0.2496941656179493, "std_scale_mm2_per_pixel": 0.005634167765013179}