{"mean_scale_mm2_per_pixel": 0.11639603607139858, "std_scale_mm2_per_pixel": 0.0042465476175250145}