{"mean_scale_mm2_per_pixel": 0.132561068315491, "std_scale_mm2_per_pixel": 0.00797780658656807}