{"mean_scale_mm_per_pixel": 0.7688484971906379, "std_scale_mm_per_pixel": 0.019091342799452217}