{"mean_scale_mm2_per_pixel": 0.006838807275192646, "std_scale_mm2_per_pixel": 0.00033913896922839866}