{"mean_scale_mm_per_pixel": 0.5947153857653431, "std_scale_mm_per_pixel": 0.011141097748980292}