{"mean_scale_mm2_per_pixel": 0.13774038558808457, "std_scale_mm2_per_pixel": 0.005115953029129718}