{"mean_scale_mm_per_pixel": 0.33869227865053675, "std_scale_mm_per_pixel": 0.007106241547722855}