{"mean_scale_mm2_per_pixel": 0.11998287856473674, "std_scale_mm2_per_pixel": 0.0033508507829701655}