{"mean_scale_mm2_per_pixel": 0.09708359283040811, "std_scale_mm2_per_pixel": 0.0015305414034303513}