{"mean_scale_mm2_per_pixel": 0.10897627686451046, "std_scale_mm2_per_pixel": 0.0027945017970023964}