{"mean_scale_mm2_per_pixel": 0.1394834565046195, "std_scale_mm2_per_pixel": 0.005483334161217937}