{"mean_scale_mm_per_pixel": 0.9299999999999998, "std_scale_mm_per_pixel": 2.2297561364112263e-16}