{"mean_scale_mm2_per_pixel": 0.10818515383883302, "std_scale_mm2_per_pixel": 0.003183739765874114}