{"mean_scale_mm2_per_pixel": 0.1064954618545209, "std_scale_mm2_per_pixel": 0.0025633674446151754}