{"mean_scale_mm_per_pixel": 0.32007291370564833, "std_scale_mm_per_pixel": 0.003998317642829697}