{"mean_scale_mm_per_pixel": 0.3115104543697208, "std_scale_mm_per_pixel": 0.003339124706767785}