{"mean_scale_mm_per_pixel": 0.33472389349751963, "std_scale_mm_per_pixel": 0.0053721481672841746}