{"mean_scale_mm_per_pixel": 0.3291108972143383, "std_scale_mm_per_pixel": 0.003877574322623157}