{"mean_scale_mm2_per_pixel": 0.10832889295133227, "std_scale_mm2_per_pixel": 0.0025528800113237033}