{"mean_scale_mm2_per_pixel": 0.127496852447667, "std_scale_mm2_per_pixel": 0.0046523398048653065}