{"mean_scale_mm2_per_pixel": 0.11119101807283141, "std_scale_mm2_per_pixel": 0.002713183044828807}