{"mean_scale_mm2_per_pixel": 0.10513142259734685, "std_scale_mm2_per_pixel": 0.0024324847751968776}