{"mean_scale_mm2_per_pixel": 0.11593311075559276, "std_scale_mm2_per_pixel": 0.0029639898138499343}